Prenom,age,note_maths,note_physique,note_informatique,Moyenne
Claire,21,12,15,10,12.333333333333334
Amine,19,10,10,11,10.333333333333334
Karine,20,12,15,20,15.666666666666666
Samire,19,13,13,18,14.666666666666666
Sarah,18,12,10,9,10.333333333333334
Lina,20,13,15,16,14.666666666666666
